"year";"plot";"sp";"pairwise";"indirect";"dominant";"transient"
2015;1;"BEMA";TRUE;TRUE;FALSE;FALSE
2016;1;"BEMA";TRUE;TRUE;FALSE;FALSE
2017;1;"BEMA";FALSE;FALSE;FALSE;TRUE
2018;1;"BEMA";FALSE;TRUE;FALSE;FALSE
2019;1;"BEMA";FALSE;FALSE;FALSE;FALSE
2015;2;"BEMA";TRUE;TRUE;FALSE;FALSE
2016;2;"BEMA";TRUE;TRUE;FALSE;FALSE
2017;2;"BEMA";FALSE;FALSE;FALSE;TRUE
2018;2;"BEMA";TRUE;TRUE;FALSE;FALSE
2019;2;"BEMA";FALSE;FALSE;FALSE;TRUE
2015;3;"BEMA";FALSE;FALSE;FALSE;FALSE
2016;3;"BEMA";TRUE;TRUE;FALSE;FALSE
2017;3;"BEMA";FALSE;TRUE;FALSE;FALSE
2018;3;"BEMA";TRUE;TRUE;FALSE;FALSE
2019;3;"BEMA";FALSE;FALSE;FALSE;FALSE
2015;4;"BEMA";FALSE;TRUE;FALSE;FALSE
2016;4;"BEMA";TRUE;TRUE;FALSE;FALSE
2017;4;"BEMA";FALSE;FALSE;FALSE;FALSE
2018;4;"BEMA";FALSE;FALSE;TRUE;FALSE
2019;4;"BEMA";FALSE;TRUE;FALSE;FALSE
2015;5;"BEMA";TRUE;TRUE;FALSE;FALSE
2016;5;"BEMA";FALSE;FALSE;FALSE;TRUE
2017;5;"BEMA";FALSE;FALSE;TRUE;FALSE
2018;5;"BEMA";FALSE;FALSE;TRUE;FALSE
2019;5;"BEMA";FALSE;FALSE;FALSE;FALSE
2015;6;"BEMA";TRUE;TRUE;FALSE;FALSE
2016;6;"BEMA";TRUE;TRUE;FALSE;FALSE
2017;6;"BEMA";FALSE;FALSE;FALSE;FALSE
2018;6;"BEMA";FALSE;FALSE;FALSE;FALSE
2019;6;"BEMA";FALSE;FALSE;FALSE;FALSE
2015;7;"BEMA";FALSE;FALSE;FALSE;FALSE
2016;7;"BEMA";TRUE;TRUE;FALSE;FALSE
2017;7;"BEMA";FALSE;FALSE;FALSE;TRUE
2018;7;"BEMA";FALSE;FALSE;FALSE;FALSE
2019;7;"BEMA";TRUE;TRUE;FALSE;FALSE
2015;8;"BEMA";FALSE;FALSE;FALSE;FALSE
2016;8;"BEMA";TRUE;TRUE;FALSE;FALSE
2017;8;"BEMA";FALSE;FALSE;FALSE;TRUE
2018;8;"BEMA";FALSE;FALSE;FALSE;FALSE
2019;8;"BEMA";TRUE;TRUE;FALSE;FALSE
2015;9;"BEMA";FALSE;FALSE;FALSE;FALSE
2016;9;"BEMA";TRUE;TRUE;FALSE;FALSE
2017;9;"BEMA";FALSE;FALSE;FALSE;TRUE
2018;9;"BEMA";FALSE;FALSE;FALSE;FALSE
2019;9;"BEMA";TRUE;TRUE;FALSE;FALSE
2015;1;"CETE";TRUE;TRUE;FALSE;FALSE
2016;1;"CETE";FALSE;FALSE;FALSE;TRUE
2017;1;"CETE";FALSE;FALSE;TRUE;FALSE
2018;1;"CETE";TRUE;TRUE;FALSE;FALSE
2019;1;"CETE";FALSE;FALSE;FALSE;FALSE
2015;2;"CETE";TRUE;TRUE;FALSE;FALSE
2016;2;"CETE";FALSE;FALSE;FALSE;TRUE
2017;2;"CETE";TRUE;TRUE;FALSE;FALSE
2018;2;"CETE";FALSE;TRUE;FALSE;FALSE
2019;2;"CETE";TRUE;TRUE;FALSE;FALSE
2015;3;"CETE";FALSE;TRUE;FALSE;FALSE
2016;3;"CETE";FALSE;FALSE;FALSE;TRUE
2017;3;"CETE";TRUE;TRUE;FALSE;FALSE
2018;3;"CETE";TRUE;TRUE;FALSE;FALSE
2019;3;"CETE";FALSE;FALSE;FALSE;FALSE
2015;4;"CETE";FALSE;FALSE;FALSE;TRUE
2016;4;"CETE";FALSE;FALSE;FALSE;TRUE
2017;4;"CETE";FALSE;FALSE;FALSE;FALSE
2018;4;"CETE";FALSE;FALSE;FALSE;FALSE
2019;4;"CETE";FALSE;FALSE;TRUE;FALSE
2015;5;"CETE";FALSE;FALSE;FALSE;TRUE
2016;5;"CETE";TRUE;TRUE;FALSE;FALSE
2017;5;"CETE";FALSE;FALSE;FALSE;TRUE
2018;5;"CETE";FALSE;FALSE;FALSE;FALSE
2019;5;"CETE";FALSE;FALSE;TRUE;FALSE
2015;6;"CETE";FALSE;FALSE;FALSE;TRUE
2016;6;"CETE";FALSE;FALSE;FALSE;TRUE
2017;6;"CETE";FALSE;FALSE;FALSE;FALSE
2018;6;"CETE";FALSE;FALSE;FALSE;FALSE
2019;6;"CETE";FALSE;FALSE;TRUE;FALSE
2015;7;"CETE";FALSE;FALSE;FALSE;FALSE
2016;7;"CETE";FALSE;FALSE;FALSE;TRUE
2017;7;"CETE";FALSE;FALSE;FALSE;FALSE
2018;7;"CETE";FALSE;FALSE;FALSE;FALSE
2019;7;"CETE";TRUE;TRUE;FALSE;FALSE
2015;8;"CETE";FALSE;FALSE;FALSE;FALSE
2016;8;"CETE";FALSE;FALSE;FALSE;FALSE
2017;8;"CETE";FALSE;FALSE;FALSE;FALSE
2018;8;"CETE";FALSE;FALSE;FALSE;FALSE
2019;8;"CETE";TRUE;TRUE;FALSE;FALSE
2015;9;"CETE";FALSE;FALSE;FALSE;FALSE
2016;9;"CETE";FALSE;FALSE;TRUE;FALSE
2017;9;"CETE";FALSE;FALSE;FALSE;FALSE
2018;9;"CETE";FALSE;FALSE;FALSE;FALSE
2019;9;"CETE";FALSE;FALSE;FALSE;FALSE
2015;1;"CHFU";TRUE;TRUE;FALSE;FALSE
2016;1;"CHFU";TRUE;TRUE;FALSE;FALSE
2017;1;"CHFU";FALSE;TRUE;FALSE;FALSE
2018;1;"CHFU";FALSE;FALSE;FALSE;FALSE
2019;1;"CHFU";TRUE;TRUE;FALSE;FALSE
2015;2;"CHFU";TRUE;TRUE;FALSE;FALSE
2016;2;"CHFU";TRUE;TRUE;FALSE;FALSE
2017;2;"CHFU";TRUE;TRUE;FALSE;FALSE
2018;2;"CHFU";FALSE;FALSE;FALSE;FALSE
2019;2;"CHFU";FALSE;TRUE;FALSE;FALSE
2015;3;"CHFU";TRUE;TRUE;FALSE;FALSE
2016;3;"CHFU";TRUE;TRUE;FALSE;FALSE
2017;3;"CHFU";TRUE;TRUE;FALSE;FALSE
2018;3;"CHFU";FALSE;FALSE;FALSE;FALSE
2019;3;"CHFU";TRUE;TRUE;FALSE;FALSE
2015;4;"CHFU";TRUE;TRUE;FALSE;FALSE
2016;4;"CHFU";FALSE;FALSE;FALSE;TRUE
2017;4;"CHFU";FALSE;FALSE;FALSE;TRUE
2018;4;"CHFU";FALSE;FALSE;FALSE;FALSE
2019;4;"CHFU";TRUE;TRUE;FALSE;FALSE
2015;5;"CHFU";FALSE;TRUE;FALSE;FALSE
2016;5;"CHFU";FALSE;FALSE;TRUE;FALSE
2017;5;"CHFU";FALSE;FALSE;FALSE;TRUE
2018;5;"CHFU";FALSE;FALSE;FALSE;FALSE
2019;5;"CHFU";TRUE;TRUE;FALSE;FALSE
2015;6;"CHFU";TRUE;TRUE;FALSE;FALSE
2016;6;"CHFU";FALSE;FALSE;FALSE;TRUE
2017;6;"CHFU";TRUE;TRUE;FALSE;FALSE
2018;6;"CHFU";FALSE;FALSE;FALSE;FALSE
2019;6;"CHFU";TRUE;FALSE;FALSE;FALSE
2015;7;"CHFU";FALSE;FALSE;FALSE;FALSE
2016;7;"CHFU";TRUE;TRUE;FALSE;FALSE
2017;7;"CHFU";FALSE;FALSE;FALSE;TRUE
2018;7;"CHFU";FALSE;FALSE;FALSE;FALSE
2019;7;"CHFU";TRUE;TRUE;FALSE;FALSE
2015;8;"CHFU";FALSE;FALSE;FALSE;TRUE
2016;8;"CHFU";TRUE;TRUE;FALSE;FALSE
2017;8;"CHFU";FALSE;FALSE;FALSE;TRUE
2018;8;"CHFU";FALSE;FALSE;FALSE;FALSE
2019;8;"CHFU";TRUE;TRUE;FALSE;FALSE
2015;9;"CHFU";FALSE;FALSE;FALSE;FALSE
2016;9;"CHFU";FALSE;FALSE;FALSE;FALSE
2017;9;"CHFU";FALSE;FALSE;FALSE;FALSE
2018;9;"CHFU";FALSE;FALSE;FALSE;FALSE
2019;9;"CHFU";TRUE;TRUE;FALSE;FALSE
2015;1;"CHMI";FALSE;FALSE;FALSE;FALSE
2016;1;"CHMI";FALSE;FALSE;FALSE;FALSE
2017;1;"CHMI";TRUE;TRUE;FALSE;FALSE
2018;1;"CHMI";FALSE;FALSE;FALSE;FALSE
2019;1;"CHMI";FALSE;FALSE;FALSE;FALSE
2015;2;"CHMI";FALSE;FALSE;FALSE;FALSE
2016;2;"CHMI";FALSE;FALSE;FALSE;TRUE
2017;2;"CHMI";FALSE;FALSE;TRUE;FALSE
2018;2;"CHMI";FALSE;FALSE;FALSE;FALSE
2019;2;"CHMI";FALSE;TRUE;FALSE;FALSE
2015;3;"CHMI";FALSE;FALSE;FALSE;FALSE
2016;3;"CHMI";FALSE;FALSE;TRUE;FALSE
2017;3;"CHMI";TRUE;TRUE;FALSE;FALSE
2018;3;"CHMI";FALSE;FALSE;TRUE;FALSE
2019;3;"CHMI";FALSE;FALSE;FALSE;FALSE
2015;4;"CHMI";FALSE;FALSE;FALSE;TRUE
2016;4;"CHMI";FALSE;FALSE;FALSE;TRUE
2017;4;"CHMI";FALSE;FALSE;FALSE;FALSE
2018;4;"CHMI";FALSE;FALSE;FALSE;FALSE
2019;4;"CHMI";FALSE;FALSE;FALSE;FALSE
2015;5;"CHMI";FALSE;FALSE;FALSE;FALSE
2016;5;"CHMI";FALSE;FALSE;FALSE;FALSE
2017;5;"CHMI";FALSE;FALSE;FALSE;FALSE
2018;5;"CHMI";FALSE;FALSE;FALSE;FALSE
2019;5;"CHMI";FALSE;FALSE;FALSE;FALSE
2015;6;"CHMI";FALSE;FALSE;FALSE;FALSE
2016;6;"CHMI";FALSE;FALSE;FALSE;FALSE
2017;6;"CHMI";FALSE;FALSE;FALSE;FALSE
2018;6;"CHMI";FALSE;FALSE;FALSE;FALSE
2019;6;"CHMI";FALSE;FALSE;FALSE;FALSE
2015;7;"CHMI";FALSE;FALSE;FALSE;FALSE
2016;7;"CHMI";FALSE;FALSE;FALSE;FALSE
2017;7;"CHMI";FALSE;FALSE;FALSE;FALSE
2018;7;"CHMI";FALSE;FALSE;FALSE;FALSE
2019;7;"CHMI";FALSE;FALSE;FALSE;TRUE
2015;8;"CHMI";FALSE;FALSE;FALSE;FALSE
2016;8;"CHMI";FALSE;FALSE;FALSE;FALSE
2017;8;"CHMI";FALSE;FALSE;FALSE;FALSE
2018;8;"CHMI";FALSE;FALSE;FALSE;FALSE
2019;8;"CHMI";FALSE;FALSE;FALSE;FALSE
2015;9;"CHMI";FALSE;FALSE;FALSE;FALSE
2016;9;"CHMI";FALSE;FALSE;FALSE;FALSE
2017;9;"CHMI";FALSE;FALSE;FALSE;FALSE
2018;9;"CHMI";FALSE;FALSE;FALSE;FALSE
2019;9;"CHMI";FALSE;FALSE;FALSE;FALSE
2015;1;"HOMA";TRUE;TRUE;FALSE;FALSE
2016;1;"HOMA";TRUE;TRUE;FALSE;FALSE
2017;1;"HOMA";FALSE;FALSE;FALSE;TRUE
2018;1;"HOMA";TRUE;TRUE;FALSE;FALSE
2019;1;"HOMA";TRUE;TRUE;FALSE;FALSE
2015;2;"HOMA";TRUE;TRUE;FALSE;FALSE
2016;2;"HOMA";TRUE;TRUE;FALSE;FALSE
2017;2;"HOMA";TRUE;TRUE;FALSE;FALSE
2018;2;"HOMA";TRUE;TRUE;FALSE;FALSE
2019;2;"HOMA";TRUE;TRUE;FALSE;FALSE
2015;3;"HOMA";FALSE;FALSE;FALSE;FALSE
2016;3;"HOMA";TRUE;TRUE;FALSE;FALSE
2017;3;"HOMA";TRUE;TRUE;FALSE;FALSE
2018;3;"HOMA";TRUE;TRUE;FALSE;FALSE
2019;3;"HOMA";TRUE;TRUE;FALSE;FALSE
2015;4;"HOMA";FALSE;FALSE;FALSE;TRUE
2016;4;"HOMA";TRUE;TRUE;FALSE;FALSE
2017;4;"HOMA";TRUE;TRUE;FALSE;FALSE
2018;4;"HOMA";FALSE;FALSE;FALSE;TRUE
2019;4;"HOMA";TRUE;TRUE;FALSE;FALSE
2015;5;"HOMA";FALSE;FALSE;FALSE;TRUE
2016;5;"HOMA";TRUE;TRUE;FALSE;FALSE
2017;5;"HOMA";FALSE;FALSE;FALSE;TRUE
2018;5;"HOMA";FALSE;FALSE;FALSE;TRUE
2019;5;"HOMA";TRUE;TRUE;FALSE;FALSE
2015;6;"HOMA";FALSE;FALSE;FALSE;FALSE
2016;6;"HOMA";TRUE;TRUE;FALSE;FALSE
2017;6;"HOMA";FALSE;TRUE;FALSE;FALSE
2018;6;"HOMA";FALSE;FALSE;FALSE;TRUE
2019;6;"HOMA";TRUE;TRUE;FALSE;FALSE
2015;7;"HOMA";FALSE;FALSE;FALSE;TRUE
2016;7;"HOMA";TRUE;TRUE;FALSE;FALSE
2017;7;"HOMA";FALSE;FALSE;FALSE;TRUE
2018;7;"HOMA";FALSE;FALSE;FALSE;FALSE
2019;7;"HOMA";FALSE;TRUE;FALSE;FALSE
2015;8;"HOMA";TRUE;TRUE;FALSE;FALSE
2016;8;"HOMA";TRUE;TRUE;FALSE;FALSE
2017;8;"HOMA";FALSE;FALSE;FALSE;TRUE
2018;8;"HOMA";FALSE;FALSE;FALSE;FALSE
2019;8;"HOMA";FALSE;TRUE;FALSE;FALSE
2015;9;"HOMA";FALSE;FALSE;FALSE;TRUE
2016;9;"HOMA";TRUE;TRUE;FALSE;FALSE
2017;9;"HOMA";FALSE;FALSE;FALSE;FALSE
2018;9;"HOMA";FALSE;FALSE;FALSE;FALSE
2019;9;"HOMA";TRUE;TRUE;FALSE;FALSE
2015;1;"LEMA";TRUE;TRUE;FALSE;FALSE
2016;1;"LEMA";TRUE;TRUE;FALSE;FALSE
2017;1;"LEMA";TRUE;TRUE;FALSE;FALSE
2018;1;"LEMA";TRUE;TRUE;FALSE;FALSE
2019;1;"LEMA";FALSE;TRUE;FALSE;FALSE
2015;2;"LEMA";TRUE;TRUE;FALSE;FALSE
2016;2;"LEMA";TRUE;TRUE;FALSE;FALSE
2017;2;"LEMA";TRUE;TRUE;FALSE;FALSE
2018;2;"LEMA";TRUE;TRUE;FALSE;FALSE
2019;2;"LEMA";TRUE;TRUE;FALSE;FALSE
2015;3;"LEMA";TRUE;TRUE;FALSE;FALSE
2016;3;"LEMA";TRUE;TRUE;FALSE;FALSE
2017;3;"LEMA";TRUE;TRUE;FALSE;FALSE
2018;3;"LEMA";TRUE;TRUE;FALSE;FALSE
2019;3;"LEMA";FALSE;FALSE;FALSE;TRUE
2015;4;"LEMA";TRUE;TRUE;FALSE;FALSE
2016;4;"LEMA";TRUE;TRUE;FALSE;FALSE
2017;4;"LEMA";FALSE;TRUE;FALSE;FALSE
2018;4;"LEMA";FALSE;FALSE;FALSE;FALSE
2019;4;"LEMA";TRUE;TRUE;FALSE;FALSE
2015;5;"LEMA";TRUE;TRUE;FALSE;FALSE
2016;5;"LEMA";FALSE;FALSE;FALSE;TRUE
2017;5;"LEMA";TRUE;TRUE;FALSE;FALSE
2018;5;"LEMA";FALSE;FALSE;FALSE;FALSE
2019;5;"LEMA";FALSE;FALSE;FALSE;TRUE
2015;6;"LEMA";TRUE;TRUE;FALSE;FALSE
2016;6;"LEMA";TRUE;TRUE;FALSE;FALSE
2017;6;"LEMA";TRUE;TRUE;FALSE;FALSE
2018;6;"LEMA";FALSE;FALSE;FALSE;FALSE
2019;6;"LEMA";FALSE;TRUE;FALSE;FALSE
2015;7;"LEMA";FALSE;FALSE;FALSE;FALSE
2016;7;"LEMA";TRUE;TRUE;FALSE;FALSE
2017;7;"LEMA";FALSE;FALSE;FALSE;FALSE
2018;7;"LEMA";FALSE;FALSE;FALSE;FALSE
2019;7;"LEMA";TRUE;TRUE;FALSE;FALSE
2015;8;"LEMA";FALSE;FALSE;FALSE;FALSE
2016;8;"LEMA";FALSE;TRUE;FALSE;FALSE
2017;8;"LEMA";FALSE;FALSE;FALSE;FALSE
2018;8;"LEMA";FALSE;FALSE;FALSE;FALSE
2019;8;"LEMA";TRUE;TRUE;FALSE;FALSE
2015;9;"LEMA";FALSE;FALSE;FALSE;FALSE
2016;9;"LEMA";TRUE;TRUE;FALSE;FALSE
2017;9;"LEMA";FALSE;FALSE;FALSE;FALSE
2018;9;"LEMA";FALSE;FALSE;FALSE;FALSE
2019;9;"LEMA";FALSE;TRUE;FALSE;FALSE
2015;1;"LYTR";FALSE;FALSE;FALSE;FALSE
2016;1;"LYTR";FALSE;FALSE;FALSE;FALSE
2017;1;"LYTR";FALSE;FALSE;FALSE;FALSE
2018;1;"LYTR";FALSE;FALSE;FALSE;FALSE
2019;1;"LYTR";FALSE;FALSE;FALSE;FALSE
2015;2;"LYTR";FALSE;FALSE;FALSE;FALSE
2016;2;"LYTR";FALSE;FALSE;FALSE;FALSE
2017;2;"LYTR";FALSE;FALSE;FALSE;FALSE
2018;2;"LYTR";FALSE;FALSE;FALSE;FALSE
2019;2;"LYTR";FALSE;FALSE;FALSE;FALSE
2015;3;"LYTR";FALSE;FALSE;FALSE;FALSE
2016;3;"LYTR";FALSE;FALSE;FALSE;FALSE
2017;3;"LYTR";FALSE;FALSE;FALSE;FALSE
2018;3;"LYTR";FALSE;FALSE;FALSE;FALSE
2019;3;"LYTR";FALSE;FALSE;FALSE;FALSE
2015;4;"LYTR";FALSE;FALSE;FALSE;TRUE
2016;4;"LYTR";FALSE;FALSE;FALSE;TRUE
2017;4;"LYTR";TRUE;TRUE;FALSE;FALSE
2018;4;"LYTR";FALSE;FALSE;TRUE;FALSE
2019;4;"LYTR";FALSE;FALSE;FALSE;FALSE
2015;5;"LYTR";FALSE;FALSE;FALSE;FALSE
2016;5;"LYTR";FALSE;FALSE;FALSE;TRUE
2017;5;"LYTR";FALSE;FALSE;TRUE;FALSE
2018;5;"LYTR";FALSE;FALSE;FALSE;FALSE
2019;5;"LYTR";FALSE;FALSE;FALSE;FALSE
2015;6;"LYTR";FALSE;FALSE;FALSE;FALSE
2016;6;"LYTR";FALSE;FALSE;FALSE;TRUE
2017;6;"LYTR";TRUE;TRUE;FALSE;FALSE
2018;6;"LYTR";FALSE;FALSE;FALSE;FALSE
2019;6;"LYTR";FALSE;FALSE;FALSE;FALSE
2015;7;"LYTR";FALSE;FALSE;FALSE;TRUE
2016;7;"LYTR";FALSE;FALSE;FALSE;TRUE
2017;7;"LYTR";FALSE;FALSE;FALSE;TRUE
2018;7;"LYTR";FALSE;FALSE;FALSE;FALSE
2019;7;"LYTR";FALSE;FALSE;FALSE;FALSE
2015;8;"LYTR";FALSE;FALSE;FALSE;TRUE
2016;8;"LYTR";FALSE;FALSE;FALSE;TRUE
2017;8;"LYTR";FALSE;FALSE;FALSE;TRUE
2018;8;"LYTR";FALSE;FALSE;FALSE;FALSE
2019;8;"LYTR";FALSE;FALSE;FALSE;FALSE
2015;9;"LYTR";FALSE;FALSE;FALSE;TRUE
2016;9;"LYTR";FALSE;FALSE;FALSE;TRUE
2017;9;"LYTR";FALSE;FALSE;FALSE;FALSE
2018;9;"LYTR";FALSE;FALSE;FALSE;FALSE
2019;9;"LYTR";FALSE;FALSE;FALSE;FALSE
2015;1;"MEEL";TRUE;TRUE;FALSE;FALSE
2016;1;"MEEL";FALSE;FALSE;FALSE;FALSE
2017;1;"MEEL";FALSE;FALSE;FALSE;FALSE
2018;1;"MEEL";FALSE;FALSE;FALSE;FALSE
2019;1;"MEEL";TRUE;FALSE;FALSE;FALSE
2015;2;"MEEL";TRUE;TRUE;FALSE;FALSE
2016;2;"MEEL";FALSE;FALSE;FALSE;FALSE
2017;2;"MEEL";FALSE;FALSE;FALSE;TRUE
2018;2;"MEEL";FALSE;FALSE;FALSE;FALSE
2019;2;"MEEL";FALSE;FALSE;FALSE;TRUE
2015;3;"MEEL";FALSE;FALSE;FALSE;TRUE
2016;3;"MEEL";FALSE;FALSE;FALSE;FALSE
2017;3;"MEEL";FALSE;FALSE;FALSE;FALSE
2018;3;"MEEL";FALSE;FALSE;FALSE;FALSE
2019;3;"MEEL";FALSE;FALSE;FALSE;FALSE
2015;4;"MEEL";FALSE;FALSE;FALSE;TRUE
2016;4;"MEEL";TRUE;TRUE;FALSE;FALSE
2017;4;"MEEL";FALSE;FALSE;FALSE;FALSE
2018;4;"MEEL";FALSE;FALSE;FALSE;FALSE
2019;4;"MEEL";FALSE;FALSE;FALSE;FALSE
2015;5;"MEEL";FALSE;FALSE;FALSE;TRUE
2016;5;"MEEL";TRUE;TRUE;FALSE;FALSE
2017;5;"MEEL";FALSE;FALSE;FALSE;FALSE
2018;5;"MEEL";FALSE;FALSE;FALSE;FALSE
2019;5;"MEEL";FALSE;FALSE;FALSE;TRUE
2015;6;"MEEL";TRUE;TRUE;FALSE;FALSE
2016;6;"MEEL";TRUE;TRUE;FALSE;FALSE
2017;6;"MEEL";FALSE;FALSE;FALSE;FALSE
2018;6;"MEEL";FALSE;FALSE;FALSE;FALSE
2019;6;"MEEL";FALSE;FALSE;FALSE;FALSE
2015;7;"MEEL";FALSE;FALSE;FALSE;FALSE
2016;7;"MEEL";FALSE;FALSE;FALSE;FALSE
2017;7;"MEEL";FALSE;FALSE;FALSE;FALSE
2018;7;"MEEL";FALSE;FALSE;FALSE;FALSE
2019;7;"MEEL";FALSE;FALSE;FALSE;FALSE
2015;8;"MEEL";FALSE;FALSE;FALSE;FALSE
2016;8;"MEEL";FALSE;FALSE;FALSE;FALSE
2017;8;"MEEL";FALSE;FALSE;FALSE;FALSE
2018;8;"MEEL";FALSE;FALSE;FALSE;FALSE
2019;8;"MEEL";FALSE;FALSE;FALSE;FALSE
2015;9;"MEEL";FALSE;FALSE;FALSE;FALSE
2016;9;"MEEL";FALSE;FALSE;FALSE;FALSE
2017;9;"MEEL";FALSE;FALSE;FALSE;FALSE
2018;9;"MEEL";FALSE;FALSE;FALSE;FALSE
2019;9;"MEEL";FALSE;FALSE;FALSE;FALSE
2015;1;"MESU";TRUE;TRUE;FALSE;FALSE
2016;1;"MESU";TRUE;TRUE;FALSE;FALSE
2017;1;"MESU";FALSE;FALSE;FALSE;TRUE
2018;1;"MESU";FALSE;FALSE;FALSE;FALSE
2019;1;"MESU";TRUE;TRUE;FALSE;FALSE
2015;2;"MESU";TRUE;TRUE;FALSE;FALSE
2016;2;"MESU";TRUE;TRUE;FALSE;FALSE
2017;2;"MESU";TRUE;TRUE;FALSE;FALSE
2018;2;"MESU";FALSE;FALSE;FALSE;TRUE
2019;2;"MESU";FALSE;TRUE;FALSE;FALSE
2015;3;"MESU";TRUE;TRUE;FALSE;FALSE
2016;3;"MESU";TRUE;TRUE;FALSE;FALSE
2017;3;"MESU";TRUE;TRUE;FALSE;FALSE
2018;3;"MESU";FALSE;FALSE;FALSE;FALSE
2019;3;"MESU";FALSE;FALSE;FALSE;TRUE
2015;4;"MESU";FALSE;FALSE;FALSE;TRUE
2016;4;"MESU";TRUE;TRUE;FALSE;FALSE
2017;4;"MESU";FALSE;FALSE;FALSE;FALSE
2018;4;"MESU";FALSE;FALSE;FALSE;FALSE
2019;4;"MESU";FALSE;FALSE;FALSE;TRUE
2015;5;"MESU";FALSE;FALSE;FALSE;TRUE
2016;5;"MESU";TRUE;TRUE;FALSE;FALSE
2017;5;"MESU";FALSE;FALSE;FALSE;FALSE
2018;5;"MESU";FALSE;FALSE;FALSE;FALSE
2019;5;"MESU";FALSE;FALSE;FALSE;FALSE
2015;6;"MESU";TRUE;TRUE;FALSE;FALSE
2016;6;"MESU";TRUE;TRUE;FALSE;FALSE
2017;6;"MESU";FALSE;FALSE;FALSE;FALSE
2018;6;"MESU";FALSE;FALSE;FALSE;FALSE
2019;6;"MESU";FALSE;FALSE;FALSE;FALSE
2015;7;"MESU";FALSE;FALSE;FALSE;FALSE
2016;7;"MESU";TRUE;TRUE;FALSE;FALSE
2017;7;"MESU";FALSE;FALSE;FALSE;FALSE
2018;7;"MESU";FALSE;FALSE;FALSE;FALSE
2019;7;"MESU";TRUE;TRUE;FALSE;FALSE
2015;8;"MESU";FALSE;FALSE;FALSE;FALSE
2016;8;"MESU";TRUE;TRUE;FALSE;FALSE
2017;8;"MESU";FALSE;FALSE;FALSE;FALSE
2018;8;"MESU";FALSE;FALSE;FALSE;FALSE
2019;8;"MESU";TRUE;TRUE;FALSE;FALSE
2015;9;"MESU";FALSE;FALSE;FALSE;FALSE
2016;9;"MESU";TRUE;TRUE;FALSE;FALSE
2017;9;"MESU";FALSE;FALSE;FALSE;FALSE
2018;9;"MESU";FALSE;FALSE;FALSE;FALSE
2019;9;"MESU";TRUE;TRUE;FALSE;FALSE
2015;1;"PAIN";TRUE;TRUE;FALSE;FALSE
2016;1;"PAIN";TRUE;TRUE;FALSE;FALSE
2017;1;"PAIN";FALSE;TRUE;FALSE;FALSE
2018;1;"PAIN";FALSE;FALSE;FALSE;TRUE
2019;1;"PAIN";TRUE;FALSE;FALSE;FALSE
2015;2;"PAIN";TRUE;TRUE;FALSE;FALSE
2016;2;"PAIN";TRUE;TRUE;FALSE;FALSE
2017;2;"PAIN";TRUE;TRUE;FALSE;FALSE
2018;2;"PAIN";TRUE;TRUE;FALSE;FALSE
2019;2;"PAIN";FALSE;FALSE;FALSE;TRUE
2015;3;"PAIN";TRUE;TRUE;FALSE;FALSE
2016;3;"PAIN";FALSE;FALSE;FALSE;TRUE
2017;3;"PAIN";TRUE;TRUE;FALSE;FALSE
2018;3;"PAIN";FALSE;FALSE;FALSE;TRUE
2019;3;"PAIN";FALSE;FALSE;FALSE;TRUE
2015;4;"PAIN";FALSE;TRUE;FALSE;FALSE
2016;4;"PAIN";TRUE;TRUE;FALSE;FALSE
2017;4;"PAIN";TRUE;TRUE;FALSE;FALSE
2018;4;"PAIN";FALSE;FALSE;TRUE;FALSE
2019;4;"PAIN";TRUE;TRUE;FALSE;FALSE
2015;5;"PAIN";TRUE;TRUE;FALSE;FALSE
2016;5;"PAIN";FALSE;FALSE;FALSE;FALSE
2017;5;"PAIN";TRUE;TRUE;FALSE;FALSE
2018;5;"PAIN";FALSE;FALSE;FALSE;FALSE
2019;5;"PAIN";FALSE;FALSE;FALSE;TRUE
2015;6;"PAIN";TRUE;TRUE;FALSE;FALSE
2016;6;"PAIN";TRUE;TRUE;FALSE;FALSE
2017;6;"PAIN";FALSE;TRUE;FALSE;FALSE
2018;6;"PAIN";FALSE;FALSE;TRUE;FALSE
2019;6;"PAIN";TRUE;FALSE;FALSE;FALSE
2015;7;"PAIN";FALSE;FALSE;FALSE;FALSE
2016;7;"PAIN";TRUE;TRUE;FALSE;FALSE
2017;7;"PAIN";FALSE;FALSE;FALSE;TRUE
2018;7;"PAIN";FALSE;FALSE;FALSE;FALSE
2019;7;"PAIN";TRUE;TRUE;FALSE;FALSE
2015;8;"PAIN";FALSE;FALSE;FALSE;FALSE
2016;8;"PAIN";TRUE;TRUE;FALSE;FALSE
2017;8;"PAIN";FALSE;FALSE;FALSE;TRUE
2018;8;"PAIN";FALSE;FALSE;FALSE;FALSE
2019;8;"PAIN";TRUE;TRUE;FALSE;FALSE
2015;9;"PAIN";FALSE;FALSE;FALSE;FALSE
2016;9;"PAIN";TRUE;TRUE;FALSE;FALSE
2017;9;"PAIN";FALSE;FALSE;FALSE;FALSE
2018;9;"PAIN";FALSE;FALSE;FALSE;FALSE
2019;9;"PAIN";TRUE;TRUE;FALSE;FALSE
2015;1;"PLCO";TRUE;TRUE;FALSE;FALSE
2016;1;"PLCO";TRUE;TRUE;FALSE;FALSE
2017;1;"PLCO";FALSE;FALSE;FALSE;TRUE
2018;1;"PLCO";FALSE;FALSE;FALSE;FALSE
2019;1;"PLCO";FALSE;FALSE;FALSE;FALSE
2015;2;"PLCO";TRUE;TRUE;FALSE;FALSE
2016;2;"PLCO";TRUE;TRUE;FALSE;FALSE
2017;2;"PLCO";FALSE;FALSE;FALSE;FALSE
2018;2;"PLCO";FALSE;FALSE;FALSE;TRUE
2019;2;"PLCO";FALSE;FALSE;FALSE;FALSE
2015;3;"PLCO";FALSE;FALSE;FALSE;FALSE
2016;3;"PLCO";TRUE;TRUE;FALSE;FALSE
2017;3;"PLCO";TRUE;TRUE;FALSE;FALSE
2018;3;"PLCO";FALSE;FALSE;FALSE;FALSE
2019;3;"PLCO";FALSE;FALSE;FALSE;FALSE
2015;4;"PLCO";TRUE;TRUE;FALSE;FALSE
2016;4;"PLCO";TRUE;TRUE;FALSE;FALSE
2017;4;"PLCO";FALSE;TRUE;FALSE;FALSE
2018;4;"PLCO";FALSE;FALSE;FALSE;FALSE
2019;4;"PLCO";FALSE;TRUE;FALSE;FALSE
2015;5;"PLCO";TRUE;TRUE;FALSE;FALSE
2016;5;"PLCO";TRUE;FALSE;FALSE;FALSE
2017;5;"PLCO";TRUE;TRUE;FALSE;FALSE
2018;5;"PLCO";FALSE;FALSE;FALSE;FALSE
2019;5;"PLCO";FALSE;FALSE;FALSE;FALSE
2015;6;"PLCO";TRUE;TRUE;FALSE;FALSE
2016;6;"PLCO";TRUE;TRUE;FALSE;FALSE
2017;6;"PLCO";TRUE;TRUE;FALSE;FALSE
2018;6;"PLCO";FALSE;FALSE;FALSE;FALSE
2019;6;"PLCO";TRUE;FALSE;FALSE;FALSE
2015;7;"PLCO";FALSE;FALSE;FALSE;FALSE
2016;7;"PLCO";FALSE;FALSE;FALSE;FALSE
2017;7;"PLCO";FALSE;FALSE;FALSE;FALSE
2018;7;"PLCO";FALSE;FALSE;FALSE;FALSE
2019;7;"PLCO";FALSE;TRUE;FALSE;FALSE
2015;8;"PLCO";FALSE;FALSE;FALSE;FALSE
2016;8;"PLCO";TRUE;TRUE;FALSE;FALSE
2017;8;"PLCO";FALSE;FALSE;FALSE;FALSE
2018;8;"PLCO";FALSE;FALSE;FALSE;FALSE
2019;8;"PLCO";TRUE;TRUE;FALSE;FALSE
2015;9;"PLCO";FALSE;FALSE;FALSE;FALSE
2016;9;"PLCO";TRUE;TRUE;FALSE;FALSE
2017;9;"PLCO";FALSE;FALSE;FALSE;FALSE
2018;9;"PLCO";FALSE;FALSE;FALSE;FALSE
2019;9;"PLCO";FALSE;TRUE;FALSE;FALSE
2015;1;"POMA";TRUE;TRUE;FALSE;FALSE
2016;1;"POMA";FALSE;FALSE;FALSE;FALSE
2017;1;"POMA";FALSE;FALSE;FALSE;TRUE
2018;1;"POMA";FALSE;FALSE;FALSE;TRUE
2019;1;"POMA";TRUE;TRUE;FALSE;FALSE
2015;2;"POMA";TRUE;TRUE;FALSE;FALSE
2016;2;"POMA";FALSE;FALSE;FALSE;FALSE
2017;2;"POMA";TRUE;TRUE;FALSE;FALSE
2018;2;"POMA";FALSE;TRUE;FALSE;FALSE
2019;2;"POMA";TRUE;TRUE;FALSE;FALSE
2015;3;"POMA";TRUE;TRUE;FALSE;FALSE
2016;3;"POMA";FALSE;FALSE;FALSE;FALSE
2017;3;"POMA";TRUE;TRUE;FALSE;FALSE
2018;3;"POMA";TRUE;TRUE;FALSE;FALSE
2019;3;"POMA";TRUE;TRUE;FALSE;FALSE
2015;4;"POMA";FALSE;FALSE;FALSE;TRUE
2016;4;"POMA";FALSE;FALSE;FALSE;FALSE
2017;4;"POMA";FALSE;TRUE;FALSE;FALSE
2018;4;"POMA";FALSE;FALSE;FALSE;TRUE
2019;4;"POMA";TRUE;TRUE;FALSE;FALSE
2015;5;"POMA";FALSE;FALSE;FALSE;TRUE
2016;5;"POMA";FALSE;FALSE;FALSE;FALSE
2017;5;"POMA";TRUE;TRUE;FALSE;FALSE
2018;5;"POMA";FALSE;TRUE;FALSE;FALSE
2019;5;"POMA";TRUE;TRUE;FALSE;FALSE
2015;6;"POMA";TRUE;TRUE;FALSE;FALSE
2016;6;"POMA";FALSE;FALSE;FALSE;FALSE
2017;6;"POMA";FALSE;TRUE;FALSE;FALSE
2018;6;"POMA";FALSE;FALSE;FALSE;TRUE
2019;6;"POMA";TRUE;TRUE;FALSE;FALSE
2015;7;"POMA";TRUE;FALSE;FALSE;FALSE
2016;7;"POMA";TRUE;TRUE;FALSE;FALSE
2017;7;"POMA";FALSE;FALSE;FALSE;FALSE
2018;7;"POMA";FALSE;FALSE;FALSE;FALSE
2019;7;"POMA";FALSE;TRUE;FALSE;FALSE
2015;8;"POMA";TRUE;TRUE;FALSE;FALSE
2016;8;"POMA";FALSE;FALSE;FALSE;TRUE
2017;8;"POMA";TRUE;FALSE;FALSE;FALSE
2018;8;"POMA";FALSE;FALSE;FALSE;FALSE
2019;8;"POMA";TRUE;TRUE;FALSE;FALSE
2015;9;"POMA";FALSE;FALSE;FALSE;TRUE
2016;9;"POMA";FALSE;FALSE;FALSE;TRUE
2017;9;"POMA";FALSE;FALSE;FALSE;FALSE
2018;9;"POMA";FALSE;FALSE;FALSE;FALSE
2019;9;"POMA";FALSE;FALSE;FALSE;TRUE
2015;1;"POMO";TRUE;TRUE;FALSE;FALSE
2016;1;"POMO";FALSE;FALSE;FALSE;FALSE
2017;1;"POMO";FALSE;FALSE;FALSE;TRUE
2018;1;"POMO";FALSE;FALSE;FALSE;FALSE
2019;1;"POMO";FALSE;FALSE;FALSE;FALSE
2015;2;"POMO";TRUE;TRUE;FALSE;FALSE
2016;2;"POMO";FALSE;FALSE;FALSE;FALSE
2017;2;"POMO";TRUE;TRUE;FALSE;FALSE
2018;2;"POMO";FALSE;FALSE;FALSE;TRUE
2019;2;"POMO";FALSE;FALSE;FALSE;FALSE
2015;3;"POMO";TRUE;TRUE;FALSE;FALSE
2016;3;"POMO";FALSE;FALSE;FALSE;FALSE
2017;3;"POMO";TRUE;TRUE;FALSE;FALSE
2018;3;"POMO";FALSE;FALSE;FALSE;FALSE
2019;3;"POMO";FALSE;FALSE;FALSE;FALSE
2015;4;"POMO";FALSE;FALSE;FALSE;TRUE
2016;4;"POMO";FALSE;FALSE;FALSE;FALSE
2017;4;"POMO";FALSE;TRUE;FALSE;FALSE
2018;4;"POMO";FALSE;FALSE;FALSE;FALSE
2019;4;"POMO";FALSE;FALSE;FALSE;FALSE
2015;5;"POMO";FALSE;FALSE;FALSE;TRUE
2016;5;"POMO";FALSE;FALSE;FALSE;FALSE
2017;5;"POMO";FALSE;FALSE;FALSE;FALSE
2018;5;"POMO";FALSE;FALSE;FALSE;FALSE
2019;5;"POMO";FALSE;FALSE;FALSE;FALSE
2015;6;"POMO";FALSE;FALSE;FALSE;TRUE
2016;6;"POMO";FALSE;FALSE;FALSE;FALSE
2017;6;"POMO";FALSE;FALSE;FALSE;FALSE
2018;6;"POMO";FALSE;FALSE;FALSE;FALSE
2019;6;"POMO";FALSE;FALSE;FALSE;FALSE
2015;7;"POMO";FALSE;FALSE;FALSE;TRUE
2016;7;"POMO";FALSE;FALSE;FALSE;TRUE
2017;7;"POMO";FALSE;FALSE;FALSE;FALSE
2018;7;"POMO";FALSE;FALSE;FALSE;FALSE
2019;7;"POMO";TRUE;TRUE;FALSE;FALSE
2015;8;"POMO";FALSE;FALSE;FALSE;FALSE
2016;8;"POMO";FALSE;TRUE;FALSE;FALSE
2017;8;"POMO";FALSE;FALSE;FALSE;FALSE
2018;8;"POMO";FALSE;FALSE;FALSE;FALSE
2019;8;"POMO";FALSE;TRUE;FALSE;FALSE
2015;9;"POMO";FALSE;FALSE;FALSE;FALSE
2016;9;"POMO";TRUE;TRUE;FALSE;FALSE
2017;9;"POMO";FALSE;FALSE;FALSE;FALSE
2018;9;"POMO";FALSE;FALSE;FALSE;FALSE
2019;9;"POMO";TRUE;TRUE;FALSE;FALSE
2015;1;"PUPA";TRUE;TRUE;FALSE;FALSE
2016;1;"PUPA";FALSE;FALSE;FALSE;FALSE
2017;1;"PUPA";FALSE;TRUE;FALSE;FALSE
2018;1;"PUPA";TRUE;TRUE;FALSE;FALSE
2019;1;"PUPA";FALSE;FALSE;FALSE;FALSE
2015;2;"PUPA";TRUE;TRUE;FALSE;FALSE
2016;2;"PUPA";FALSE;FALSE;FALSE;FALSE
2017;2;"PUPA";TRUE;TRUE;FALSE;FALSE
2018;2;"PUPA";FALSE;TRUE;FALSE;FALSE
2019;2;"PUPA";TRUE;TRUE;FALSE;FALSE
2015;3;"PUPA";TRUE;TRUE;FALSE;FALSE
2016;3;"PUPA";FALSE;FALSE;FALSE;FALSE
2017;3;"PUPA";TRUE;TRUE;FALSE;FALSE
2018;3;"PUPA";TRUE;TRUE;FALSE;FALSE
2019;3;"PUPA";FALSE;FALSE;FALSE;TRUE
2015;4;"PUPA";TRUE;TRUE;FALSE;FALSE
2016;4;"PUPA";FALSE;FALSE;FALSE;FALSE
2017;4;"PUPA";FALSE;TRUE;FALSE;FALSE
2018;4;"PUPA";FALSE;FALSE;TRUE;FALSE
2019;4;"PUPA";FALSE;FALSE;FALSE;TRUE
2015;5;"PUPA";TRUE;TRUE;FALSE;FALSE
2016;5;"PUPA";FALSE;FALSE;FALSE;FALSE
2017;5;"PUPA";FALSE;TRUE;FALSE;FALSE
2018;5;"PUPA";TRUE;TRUE;FALSE;FALSE
2019;5;"PUPA";FALSE;FALSE;FALSE;FALSE
2015;6;"PUPA";FALSE;FALSE;FALSE;TRUE
2016;6;"PUPA";FALSE;FALSE;FALSE;FALSE
2017;6;"PUPA";FALSE;TRUE;FALSE;FALSE
2018;6;"PUPA";FALSE;FALSE;TRUE;FALSE
2019;6;"PUPA";FALSE;FALSE;FALSE;FALSE
2015;7;"PUPA";FALSE;FALSE;FALSE;FALSE
2016;7;"PUPA";TRUE;TRUE;FALSE;FALSE
2017;7;"PUPA";FALSE;FALSE;FALSE;FALSE
2018;7;"PUPA";FALSE;FALSE;FALSE;FALSE
2019;7;"PUPA";TRUE;TRUE;FALSE;FALSE
2015;8;"PUPA";FALSE;FALSE;FALSE;FALSE
2016;8;"PUPA";TRUE;TRUE;FALSE;FALSE
2017;8;"PUPA";TRUE;FALSE;FALSE;FALSE
2018;8;"PUPA";FALSE;FALSE;FALSE;FALSE
2019;8;"PUPA";TRUE;TRUE;FALSE;FALSE
2015;9;"PUPA";FALSE;FALSE;FALSE;FALSE
2016;9;"PUPA";FALSE;FALSE;FALSE;FALSE
2017;9;"PUPA";FALSE;FALSE;FALSE;FALSE
2018;9;"PUPA";FALSE;FALSE;FALSE;FALSE
2019;9;"PUPA";FALSE;FALSE;FALSE;FALSE
2015;1;"SASO";TRUE;TRUE;FALSE;FALSE
2016;1;"SASO";TRUE;TRUE;FALSE;FALSE
2017;1;"SASO";FALSE;FALSE;FALSE;TRUE
2018;1;"SASO";TRUE;TRUE;FALSE;FALSE
2019;1;"SASO";FALSE;FALSE;TRUE;FALSE
2015;2;"SASO";TRUE;TRUE;FALSE;FALSE
2016;2;"SASO";TRUE;TRUE;FALSE;FALSE
2017;2;"SASO";FALSE;TRUE;FALSE;FALSE
2018;2;"SASO";FALSE;TRUE;FALSE;FALSE
2019;2;"SASO";FALSE;TRUE;FALSE;FALSE
2015;3;"SASO";TRUE;TRUE;FALSE;FALSE
2016;3;"SASO";FALSE;FALSE;FALSE;FALSE
2017;3;"SASO";TRUE;TRUE;FALSE;FALSE
2018;3;"SASO";TRUE;TRUE;FALSE;FALSE
2019;3;"SASO";FALSE;FALSE;FALSE;TRUE
2015;4;"SASO";TRUE;TRUE;FALSE;FALSE
2016;4;"SASO";TRUE;TRUE;FALSE;FALSE
2017;4;"SASO";TRUE;TRUE;FALSE;FALSE
2018;4;"SASO";FALSE;FALSE;FALSE;TRUE
2019;4;"SASO";FALSE;FALSE;TRUE;FALSE
2015;5;"SASO";TRUE;FALSE;FALSE;FALSE
2016;5;"SASO";FALSE;FALSE;FALSE;FALSE
2017;5;"SASO";FALSE;TRUE;FALSE;FALSE
2018;5;"SASO";TRUE;TRUE;FALSE;FALSE
2019;5;"SASO";FALSE;FALSE;TRUE;FALSE
2015;6;"SASO";TRUE;TRUE;FALSE;FALSE
2016;6;"SASO";TRUE;TRUE;FALSE;FALSE
2017;6;"SASO";TRUE;TRUE;FALSE;FALSE
2018;6;"SASO";FALSE;FALSE;FALSE;TRUE
2019;6;"SASO";FALSE;FALSE;FALSE;FALSE
2015;7;"SASO";TRUE;FALSE;FALSE;FALSE
2016;7;"SASO";TRUE;TRUE;FALSE;FALSE
2017;7;"SASO";FALSE;FALSE;FALSE;TRUE
2018;7;"SASO";FALSE;FALSE;FALSE;TRUE
2019;7;"SASO";TRUE;TRUE;FALSE;FALSE
2015;8;"SASO";TRUE;TRUE;FALSE;FALSE
2016;8;"SASO";TRUE;TRUE;FALSE;FALSE
2017;8;"SASO";FALSE;FALSE;FALSE;TRUE
2018;8;"SASO";FALSE;FALSE;FALSE;FALSE
2019;8;"SASO";FALSE;FALSE;FALSE;TRUE
2015;9;"SASO";FALSE;FALSE;FALSE;TRUE
2016;9;"SASO";FALSE;FALSE;FALSE;TRUE
2017;9;"SASO";FALSE;FALSE;FALSE;FALSE
2018;9;"SASO";FALSE;FALSE;FALSE;FALSE
2019;9;"SASO";FALSE;FALSE;TRUE;FALSE
2015;1;"SCLA";TRUE;TRUE;FALSE;FALSE
2016;1;"SCLA";TRUE;TRUE;FALSE;FALSE
2017;1;"SCLA";FALSE;FALSE;FALSE;TRUE
2018;1;"SCLA";FALSE;FALSE;FALSE;FALSE
2019;1;"SCLA";FALSE;FALSE;FALSE;FALSE
2015;2;"SCLA";TRUE;TRUE;FALSE;FALSE
2016;2;"SCLA";TRUE;TRUE;FALSE;FALSE
2017;2;"SCLA";TRUE;TRUE;FALSE;FALSE
2018;2;"SCLA";FALSE;FALSE;FALSE;TRUE
2019;2;"SCLA";TRUE;TRUE;FALSE;FALSE
2015;3;"SCLA";FALSE;FALSE;FALSE;FALSE
2016;3;"SCLA";TRUE;TRUE;FALSE;FALSE
2017;3;"SCLA";TRUE;TRUE;FALSE;FALSE
2018;3;"SCLA";FALSE;FALSE;FALSE;FALSE
2019;3;"SCLA";FALSE;FALSE;FALSE;FALSE
2015;4;"SCLA";FALSE;FALSE;FALSE;TRUE
2016;4;"SCLA";TRUE;TRUE;FALSE;FALSE
2017;4;"SCLA";FALSE;FALSE;FALSE;FALSE
2018;4;"SCLA";FALSE;FALSE;FALSE;FALSE
2019;4;"SCLA";FALSE;FALSE;FALSE;FALSE
2015;5;"SCLA";FALSE;FALSE;FALSE;TRUE
2016;5;"SCLA";TRUE;TRUE;FALSE;FALSE
2017;5;"SCLA";FALSE;FALSE;FALSE;FALSE
2018;5;"SCLA";FALSE;FALSE;FALSE;FALSE
2019;5;"SCLA";FALSE;FALSE;FALSE;TRUE
2015;6;"SCLA";TRUE;TRUE;FALSE;FALSE
2016;6;"SCLA";TRUE;TRUE;FALSE;FALSE
2017;6;"SCLA";FALSE;FALSE;FALSE;FALSE
2018;6;"SCLA";FALSE;FALSE;FALSE;FALSE
2019;6;"SCLA";FALSE;FALSE;FALSE;FALSE
2015;7;"SCLA";FALSE;FALSE;FALSE;FALSE
2016;7;"SCLA";FALSE;TRUE;FALSE;FALSE
2017;7;"SCLA";FALSE;FALSE;FALSE;FALSE
2018;7;"SCLA";FALSE;FALSE;FALSE;FALSE
2019;7;"SCLA";TRUE;TRUE;FALSE;FALSE
2015;8;"SCLA";FALSE;FALSE;FALSE;FALSE
2016;8;"SCLA";FALSE;FALSE;FALSE;TRUE
2017;8;"SCLA";FALSE;FALSE;FALSE;FALSE
2018;8;"SCLA";FALSE;FALSE;FALSE;FALSE
2019;8;"SCLA";FALSE;FALSE;FALSE;TRUE
2015;9;"SCLA";FALSE;FALSE;FALSE;FALSE
2016;9;"SCLA";TRUE;TRUE;FALSE;FALSE
2017;9;"SCLA";FALSE;FALSE;FALSE;FALSE
2018;9;"SCLA";FALSE;FALSE;FALSE;FALSE
2019;9;"SCLA";FALSE;FALSE;FALSE;FALSE
2015;1;"SOAS";TRUE;TRUE;FALSE;FALSE
2016;1;"SOAS";FALSE;FALSE;FALSE;FALSE
2017;1;"SOAS";FALSE;FALSE;FALSE;FALSE
2018;1;"SOAS";FALSE;FALSE;FALSE;FALSE
2019;1;"SOAS";FALSE;FALSE;FALSE;FALSE
2015;2;"SOAS";TRUE;TRUE;FALSE;FALSE
2016;2;"SOAS";FALSE;FALSE;FALSE;FALSE
2017;2;"SOAS";FALSE;FALSE;FALSE;FALSE
2018;2;"SOAS";FALSE;FALSE;FALSE;TRUE
2019;2;"SOAS";FALSE;FALSE;FALSE;TRUE
2015;3;"SOAS";FALSE;FALSE;FALSE;TRUE
2016;3;"SOAS";FALSE;FALSE;FALSE;FALSE
2017;3;"SOAS";FALSE;FALSE;FALSE;FALSE
2018;3;"SOAS";FALSE;FALSE;FALSE;FALSE
2019;3;"SOAS";FALSE;FALSE;FALSE;FALSE
2015;4;"SOAS";FALSE;FALSE;FALSE;TRUE
2016;4;"SOAS";FALSE;FALSE;FALSE;FALSE
2017;4;"SOAS";FALSE;FALSE;FALSE;FALSE
2018;4;"SOAS";FALSE;FALSE;FALSE;FALSE
2019;4;"SOAS";FALSE;FALSE;FALSE;FALSE
2015;5;"SOAS";FALSE;TRUE;FALSE;FALSE
2016;5;"SOAS";FALSE;FALSE;FALSE;FALSE
2017;5;"SOAS";FALSE;FALSE;FALSE;FALSE
2018;5;"SOAS";FALSE;FALSE;FALSE;FALSE
2019;5;"SOAS";FALSE;FALSE;FALSE;TRUE
2015;6;"SOAS";FALSE;FALSE;FALSE;TRUE
2016;6;"SOAS";TRUE;TRUE;FALSE;FALSE
2017;6;"SOAS";FALSE;FALSE;FALSE;FALSE
2018;6;"SOAS";FALSE;FALSE;FALSE;FALSE
2019;6;"SOAS";FALSE;FALSE;FALSE;FALSE
2015;7;"SOAS";FALSE;FALSE;FALSE;FALSE
2016;7;"SOAS";TRUE;TRUE;FALSE;FALSE
2017;7;"SOAS";FALSE;FALSE;FALSE;FALSE
2018;7;"SOAS";FALSE;FALSE;FALSE;FALSE
2019;7;"SOAS";TRUE;TRUE;FALSE;FALSE
2015;8;"SOAS";FALSE;FALSE;FALSE;FALSE
2016;8;"SOAS";TRUE;TRUE;FALSE;FALSE
2017;8;"SOAS";FALSE;FALSE;FALSE;FALSE
2018;8;"SOAS";FALSE;FALSE;FALSE;FALSE
2019;8;"SOAS";TRUE;TRUE;FALSE;FALSE
2015;9;"SOAS";FALSE;FALSE;FALSE;FALSE
2016;9;"SOAS";TRUE;TRUE;FALSE;FALSE
2017;9;"SOAS";FALSE;FALSE;FALSE;FALSE
2018;9;"SOAS";FALSE;FALSE;FALSE;FALSE
2019;9;"SOAS";TRUE;TRUE;FALSE;FALSE
2015;1;"SPRU";TRUE;TRUE;FALSE;FALSE
2016;1;"SPRU";FALSE;FALSE;FALSE;FALSE
2017;1;"SPRU";FALSE;FALSE;FALSE;FALSE
2018;1;"SPRU";FALSE;FALSE;FALSE;FALSE
2019;1;"SPRU";FALSE;FALSE;FALSE;FALSE
2015;2;"SPRU";FALSE;TRUE;FALSE;FALSE
2016;2;"SPRU";FALSE;FALSE;FALSE;FALSE
2017;2;"SPRU";FALSE;FALSE;FALSE;FALSE
2018;2;"SPRU";FALSE;FALSE;FALSE;FALSE
2019;2;"SPRU";FALSE;FALSE;FALSE;FALSE
2015;3;"SPRU";FALSE;FALSE;FALSE;FALSE
2016;3;"SPRU";FALSE;FALSE;FALSE;FALSE
2017;3;"SPRU";FALSE;FALSE;FALSE;FALSE
2018;3;"SPRU";FALSE;FALSE;FALSE;FALSE
2019;3;"SPRU";FALSE;FALSE;FALSE;FALSE
2015;4;"SPRU";FALSE;FALSE;FALSE;TRUE
2016;4;"SPRU";FALSE;FALSE;FALSE;TRUE
2017;4;"SPRU";FALSE;TRUE;FALSE;FALSE
2018;4;"SPRU";FALSE;FALSE;FALSE;FALSE
2019;4;"SPRU";FALSE;FALSE;TRUE;FALSE
2015;5;"SPRU";FALSE;FALSE;FALSE;TRUE
2016;5;"SPRU";FALSE;FALSE;FALSE;TRUE
2017;5;"SPRU";TRUE;TRUE;FALSE;FALSE
2018;5;"SPRU";FALSE;FALSE;FALSE;FALSE
2019;5;"SPRU";FALSE;FALSE;FALSE;FALSE
2015;6;"SPRU";TRUE;TRUE;FALSE;FALSE
2016;6;"SPRU";FALSE;TRUE;FALSE;FALSE
2017;6;"SPRU";FALSE;FALSE;FALSE;TRUE
2018;6;"SPRU";FALSE;FALSE;FALSE;FALSE
2019;6;"SPRU";FALSE;FALSE;TRUE;FALSE
2015;7;"SPRU";FALSE;FALSE;FALSE;TRUE
2016;7;"SPRU";TRUE;TRUE;FALSE;FALSE
2017;7;"SPRU";FALSE;FALSE;FALSE;FALSE
2018;7;"SPRU";FALSE;FALSE;FALSE;FALSE
2019;7;"SPRU";TRUE;TRUE;FALSE;FALSE
2015;8;"SPRU";TRUE;TRUE;FALSE;FALSE
2016;8;"SPRU";TRUE;TRUE;FALSE;FALSE
2017;8;"SPRU";FALSE;FALSE;FALSE;FALSE
2018;8;"SPRU";FALSE;FALSE;FALSE;FALSE
2019;8;"SPRU";FALSE;FALSE;TRUE;FALSE
2015;9;"SPRU";FALSE;FALSE;FALSE;TRUE
2016;9;"SPRU";TRUE;TRUE;FALSE;FALSE
2017;9;"SPRU";FALSE;FALSE;FALSE;FALSE
2018;9;"SPRU";FALSE;FALSE;FALSE;FALSE
2019;9;"SPRU";FALSE;FALSE;FALSE;FALSE
2015;1;"SUSP";FALSE;FALSE;FALSE;FALSE
2016;1;"SUSP";FALSE;FALSE;FALSE;FALSE
2017;1;"SUSP";FALSE;FALSE;FALSE;FALSE
2018;1;"SUSP";FALSE;FALSE;FALSE;FALSE
2019;1;"SUSP";FALSE;FALSE;FALSE;FALSE
2015;2;"SUSP";FALSE;FALSE;FALSE;FALSE
2016;2;"SUSP";FALSE;FALSE;FALSE;FALSE
2017;2;"SUSP";FALSE;FALSE;FALSE;FALSE
2018;2;"SUSP";FALSE;FALSE;FALSE;FALSE
2019;2;"SUSP";FALSE;FALSE;FALSE;FALSE
2015;3;"SUSP";FALSE;FALSE;FALSE;FALSE
2016;3;"SUSP";FALSE;FALSE;FALSE;FALSE
2017;3;"SUSP";FALSE;FALSE;FALSE;FALSE
2018;3;"SUSP";FALSE;FALSE;FALSE;FALSE
2019;3;"SUSP";FALSE;FALSE;FALSE;FALSE
2015;4;"SUSP";FALSE;FALSE;FALSE;TRUE
2016;4;"SUSP";FALSE;FALSE;FALSE;FALSE
2017;4;"SUSP";FALSE;FALSE;FALSE;FALSE
2018;4;"SUSP";FALSE;FALSE;FALSE;TRUE
2019;4;"SUSP";FALSE;FALSE;FALSE;FALSE
2015;5;"SUSP";FALSE;FALSE;FALSE;FALSE
2016;5;"SUSP";FALSE;FALSE;FALSE;FALSE
2017;5;"SUSP";FALSE;FALSE;FALSE;FALSE
2018;5;"SUSP";FALSE;FALSE;FALSE;FALSE
2019;5;"SUSP";FALSE;FALSE;FALSE;FALSE
2015;6;"SUSP";FALSE;FALSE;FALSE;TRUE
2016;6;"SUSP";FALSE;FALSE;FALSE;FALSE
2017;6;"SUSP";FALSE;FALSE;FALSE;FALSE
2018;6;"SUSP";FALSE;FALSE;FALSE;FALSE
2019;6;"SUSP";FALSE;FALSE;FALSE;FALSE
2015;7;"SUSP";FALSE;FALSE;FALSE;TRUE
2016;7;"SUSP";FALSE;FALSE;FALSE;FALSE
2017;7;"SUSP";FALSE;FALSE;FALSE;FALSE
2018;7;"SUSP";FALSE;FALSE;FALSE;FALSE
2019;7;"SUSP";FALSE;FALSE;FALSE;FALSE
2015;8;"SUSP";FALSE;FALSE;FALSE;TRUE
2016;8;"SUSP";FALSE;FALSE;FALSE;FALSE
2017;8;"SUSP";FALSE;FALSE;FALSE;FALSE
2018;8;"SUSP";FALSE;FALSE;FALSE;FALSE
2019;8;"SUSP";FALSE;FALSE;FALSE;FALSE
2015;9;"SUSP";FALSE;FALSE;FALSE;TRUE
2016;9;"SUSP";FALSE;FALSE;FALSE;TRUE
2017;9;"SUSP";FALSE;FALSE;FALSE;FALSE
2018;9;"SUSP";FALSE;FALSE;FALSE;FALSE
2019;9;"SUSP";FALSE;FALSE;FALSE;TRUE
